{
  "npmScope": "afp-habitat-sitio-privado",
  "implicitDependencies": {
    "angular.json": "*",
    "package.json": {
      "dependencies": "*",
      "devDependencies": "*"
    },
    "tsconfig.json": "*",
    "tslint.json": "*",
    "nx.json": "*"
  },
  "projects": {
    "theme": {
      "tags": []
    },
    "util-ejemplos-front-ejemplos-front": {
      "tags": []
    },
    "util/ejemplos-front/ejemplos-front-e2e": {
      "tags": [],
      "implicitDependencies": ["util-ejemplos-front-ejemplos-front"]
    }
  }
}
