<?xml version="1.0" encoding="UTF-8"?>
<settings
  xsi:schemaLocation="http://maven.apache.org/SETTINGS/1.0.0 http://maven.apache.org/xsd/settings-1.0.0.xsd"
  xmlns="http://maven.apache.org/SETTINGS/1.0.0" xmlns:xsi="http://www.w3.org/2001/XMLSchema-instance">
  <profiles>
    <profile>
      <repositories>
        <repository>
          <snapshots>
            <enabled>false</enabled>
          </snapshots>
          <id>central1</id>
          <name>repo</name>
          <url>http://maven.afphabitat.cl:8081/artifactory/repo</url>          
        </repository>
        <repository>
          <snapshots />
          <id>snapshots1</id>
          <name>repo</name>
          <url>http://maven.afphabitat.cl:8081/artifactory/repo</url>
        </repository>
        <repository>
          <snapshots />
          <id>snapshots2</id>
          <url>http://maven.afphabitat.cl:8081/artifactory/stg-afphabitat</url>
          <name>stg-afphabitat</name>
        </repository>
        <repository>
          <snapshots />
          <id>snapshots3</id>
          <url>http://maven.afphabitat.cl:8081/artifactory/lib_afphabitat</url>
          <name>lib_afphabitat</name>
        </repository>
        <repository>
          <snapshots />
          <id>snapshots4</id>
          <url>http://maven.afphabitat.cl:8081/artifactory/dev-afphabitat</url>
          <name>dev-afphabitat</name>
        </repository>
      </repositories>
      <pluginRepositories>
        <pluginRepository>
          <snapshots>
            <enabled>false</enabled>
          </snapshots>
          <id>central2</id>
          <name>repo</name>
          <url>http://maven.afphabitat.cl:8081/artifactory/repo</url>
        </pluginRepository>
        <pluginRepository>
          <snapshots />
          <id>snapshots5</id>
          <name>repo</name>
          <url>http://maven.afphabitat.cl:8081/artifactory/repo</url>
        </pluginRepository>
        <pluginRepository>
          <snapshots />
          <id>snapshots6</id>
          <name>stg-afphabitat</name>
          <url>http://maven:8081/artifactory/stg-afphabitat</url>
        </pluginRepository>
        <pluginRepository>
          <snapshots />
          <id>snapshots7</id>
          <name>lib_afphabitat</name>
          <url>http://maven.afphabitat.cl:8081/artifactory/lib_afphabitat</url>
        </pluginRepository>
        <pluginRepository>
          <snapshots />
          <id>snapshots8</id>
          <name>dev-afphabitat</name>
          <url>http://maven.afphabitat.cl:8081/artifactory/dev-afphabitat</url>
        </pluginRepository>
      </pluginRepositories>
      <id>artifactory</id>
    </profile>
  </profiles>
  <activeProfiles>
    <activeProfile>artifactory</activeProfile>
  </activeProfiles>
</settings>

